phase,commit,date,upstream,compiler_s,ts_s,ratio,baseline_s,baseline_ratio,samples,finding,source
8,bc322d9eb742cad0e42bdc2e923335fd2149c121,2026-09-28T02:24:08+00:00,b2111cf43244e65f76ddc278ee695e669f720cbf,205.26,2.804,73.20256776034238,,,2,New upstream and check-only baseline; ordinary checked B1,https://github.com/rom1504/bend/blob/5350b2fec8f6f8484c7a689e915b359d7ce86847/implementation/phase8/checking-cost.md
9,f21e9f0a7bf098b48405fc300d8a676be28adae9,2026-09-28T06:38:54+00:00,b2111cf43244e65f76ddc278ee695e669f720cbf,66.844,2.94,22.736054421768706,208.224,70.82448979591837,2,Cache chronological binder bound; avoid repeated whole-book scans,https://github.com/rom1504/bend/blob/5350b2fec8f6f8484c7a689e915b359d7ce86847/implementation/phase9/checker_speed.md
10,5f561c45e2e86c1e35e0ede8c73ab4342ae50e61,2026-09-28T07:46:57+00:00,b2111cf43244e65f76ddc278ee695e669f720cbf,51.751,2.887,17.925528229996534,67.045,23.223068929684793,2,"Avoid unchanged-alias membership work, cheaper index traversal, known constructor layouts",https://github.com/rom1504/bend/blob/5350b2fec8f6f8484c7a689e915b359d7ce86847/implementation/phase10/repeated_work.md
11,1101206b62532ffce0e85b7f451d1c6d5fd6b0ac,2026-09-28T09:05:07+00:00,b2111cf43244e65f76ddc278ee695e669f720cbf,29.729,2.785,10.67468581687612,51.443,18.47145421903052,2,Avoid generated Boolean branch wrappers; reuse checked constructor telescope; lazy scope guard,https://github.com/rom1504/bend/blob/5350b2fec8f6f8484c7a689e915b359d7ce86847/implementation/phase11/known_work.md
12,9a4e1098043ef32a080a41440aa84728078d0d7b,2026-09-28T16:35:33+00:00,b2111cf43244e65f76ddc278ee695e669f720cbf,26.897,2.855,9.421015761821366,29.558,10.353064798598949,2,"Narrow call lowering, typed constructor lookup and literal reuse",https://github.com/rom1504/bend/blob/5350b2fec8f6f8484c7a689e915b359d7ce86847/implementation/phase12/avoidable_work.md
14,abb200fedffbef08a119535ca907cdcca071b146,2026-09-28T22:49:30+00:00,b2111cf43244e65f76ddc278ee695e669f720cbf,24.9781,2.8118,8.883313180169287,27.3956,9.743082722811012,2,Direct source dispatch while fixing imported laws and exact diagnostics,https://github.com/rom1504/bend/blob/5350b2fec8f6f8484c7a689e915b359d7ce86847/implementation/phase14/conformance_and_dispatch.md
15,a383163b821e38510967849fdb791ff914031b62,2026-09-29T00:41:15+00:00,b2111cf43244e65f76ddc278ee695e669f720cbf,24.1023,2.8858,8.35203409799709,25.078,8.690137916695543,2,Boolean-parameter lookup workers lower to mutual tail loops,https://github.com/rom1504/bend/blob/5350b2fec8f6f8484c7a689e915b359d7ce86847/implementation/phase15/parser_conformance_and_speed.md
16,0b51d965e2638048b5526b351047daae0c61ed7c,2026-09-29T07:09:22+00:00,b2111cf43244e65f76ddc278ee695e669f720cbf,12.357,3.6108,3.422233300099701,30.5837,8.47006203611388,2,"Compact literal representation avoids expansion, copying and freshening",https://github.com/rom1504/bend/blob/5350b2fec8f6f8484c7a689e915b359d7ce86847/implementation/phase16/consolidation.md
17,fddfc84b3f48aecc77c2424ddc8227cd7f63251f,2026-09-29T07:46:07+00:00,b2111cf43244e65f76ddc278ee695e669f720cbf,11.6255,3.3998,3.419465850932408,12.4407,3.6592446614506735,2,Frontend lookup worker avoids per-miss trampoline allocations,https://github.com/rom1504/bend/blob/5350b2fec8f6f8484c7a689e915b359d7ce86847/implementation/phase17/find-worker.md
19,fd9e8b28c906dff13471fab9afc6975fd5574edd,2026-09-29T09:35:25+00:00,b2111cf43244e65f76ddc278ee695e669f720cbf,11.057018,3.482922,3.174638421417419,11.57056,3.3220841580718723,2,One live checker state replaces duplicate ownership,https://github.com/rom1504/bend/blob/5350b2fec8f6f8484c7a689e915b359d7ce86847/implementation/phase19/live-checker-release.md
20,c385d3913e9f10c6c4d9c5cfef3f34bc0682d351,2026-09-29T10:35:01+00:00,b2111cf43244e65f76ddc278ee695e669f720cbf,10.9412,3.4463,3.174767141572121,10.9727,3.183907378928126,2,Declaration checkpoint conformance; neutral cost screen,https://github.com/rom1504/bend/blob/5350b2fec8f6f8484c7a689e915b359d7ce86847/implementation/phase20/declaration-checkpoints-release.md
21,df94915c7369a1bed0aa943d8267b4e178401c8e,2026-09-29T11:26:25+00:00,b2111cf43244e65f76ddc278ee695e669f720cbf,10.9547,3.4364,3.18784192759865,11.006,3.2027703410545922,2,Grouped source origins; neutral cost screen,https://github.com/rom1504/bend/blob/5350b2fec8f6f8484c7a689e915b359d7ce86847/implementation/phase21/group-range-release.md
22,1e640798c7b74c32a1d3f3335727d7be918795b9,2026-09-29T17:32:19+00:00,b2111cf43244e65f76ddc278ee695e669f720cbf,10.6991,3.3833,3.1623267224307625,11.0168,3.2562291254101026,2,Unified contextual frontend; recover regressions through guarded scans and constructor index,https://github.com/rom1504/bend/blob/5350b2fec8f6f8484c7a689e915b359d7ce86847/implementation/phase22/contextual-conformance.md
23,8eb2cc01145041ce7c0dce199daaf7087038e962,2026-09-29T20:08:44+00:00,018751270e800bc222a93dad7f257083ee53a5f7,11.013468514,3.551767431,3.1008416874015756,10.970780344,3.0888228345827184,2,Upstream migration and shared graph conversion; near-neutral ordinary cost,https://github.com/rom1504/bend/blob/5350b2fec8f6f8484c7a689e915b359d7ce86847/implementation/phase23/upstream-graph-conversion.md
24,5350b2fec8f6f8484c7a689e915b359d7ce86847,2026-09-29T22:04:13+00:00,018751270e800bc222a93dad7f257083ee53a5f7,11.1564692943,3.7370016687,2.9854065594198755,11.730024555,3.138886624870187,3,Negative scope-index guard and membership Boolean worker,https://github.com/rom1504/bend/blob/5350b2fec8f6f8484c7a689e915b359d7ce86847/implementation/phase24/profile-and-coverage.md
