label,commit,date,upstream,physicalLines,nonblankLines,bytes,defs,laws,types,modules,sourceLink
Initial snapshot,d238fc985c36c4d609c6ac85e6f9719e4d1d8d69,2026-09-21,6018e28ecc67cf1fffc0c20c64b11023474c2df8,14950,12450,457428,1391,1145,63,57,https://github.com/rom1504/bend/blob/d238fc985c36c4d609c6ac85e6f9719e4d1d8d69/selfhost/src/compiler.json
Phase1,fdbe8526b0c75bbda9a48850437f55434fad31ed,2026-09-21,6018e28ecc67cf1fffc0c20c64b11023474c2df8,15332,12768,469073,1424,1178,63,59,https://github.com/rom1504/bend/blob/fdbe8526b0c75bbda9a48850437f55434fad31ed/selfhost/src/compiler.json
Phase2,f92d922ea9ba37fe961281118b89ef50c71cdbc7,2026-09-21,6018e28ecc67cf1fffc0c20c64b11023474c2df8,15365,12797,470969,1426,1180,63,59,https://github.com/rom1504/bend/blob/f92d922ea9ba37fe961281118b89ef50c71cdbc7/selfhost/src/compiler.json
Phase3,89e2c83cde9df75d83f407c9ce30fec78838a802,2026-09-22,6018e28ecc67cf1fffc0c20c64b11023474c2df8,15711,13108,482166,1457,1211,65,59,https://github.com/rom1504/bend/blob/89e2c83cde9df75d83f407c9ce30fec78838a802/selfhost/src/compiler.json
Phase4,7d69850b9943ab5c66e573ebd69a2ce289626b12,2026-09-22,6018e28ecc67cf1fffc0c20c64b11023474c2df8,16055,13400,491893,1482,1236,65,59,https://github.com/rom1504/bend/blob/7d69850b9943ab5c66e573ebd69a2ce289626b12/selfhost/src/compiler.json
Phase5 / simplification baseline,a6459af179d646ddcfec5136495dd844f2829ab7,2026-09-23,6018e28ecc67cf1fffc0c20c64b11023474c2df8,16509,13803,509937,1526,1280,66,59,https://github.com/rom1504/bend/blob/a6459af179d646ddcfec5136495dd844f2829ab7/selfhost/src/compiler.json
S1 obsolete paths,af3c639f4d52d1f2b36e1057d90e1e5a0ce2c90d,2026-09-26,6018e28ecc67cf1fffc0c20c64b11023474c2df8,15961,13343,494957,1473,1245,61,59,https://github.com/rom1504/bend/blob/af3c639f4d52d1f2b36e1057d90e1e5a0ce2c90d/selfhost/src/compiler.json
S2 shared provenance,7474b0b1f9dcbde2989b9a3ca4e1a7d6a079dd1b,2026-09-26,6018e28ecc67cf1fffc0c20c64b11023474c2df8,15826,13209,491193,1460,1232,61,59,https://github.com/rom1504/bend/blob/7474b0b1f9dcbde2989b9a3ca4e1a7d6a079dd1b/selfhost/src/compiler.json
S3 authoritative checking,8cc51c1909b5a6797a7caed44a131670f31b9386,2026-09-26,6018e28ecc67cf1fffc0c20c64b11023474c2df8,15687,13093,486768,1450,1222,61,59,https://github.com/rom1504/bend/blob/8cc51c1909b5a6797a7caed44a131670f31b9386/selfhost/src/compiler.json
S4 frontend consolidation,22f6e8e21be5390d50831f9cbe4aab1147ff217d,2026-09-26,6018e28ecc67cf1fffc0c20c64b11023474c2df8,14667,12505,470062,1433,789,61,59,https://github.com/rom1504/bend/blob/22f6e8e21be5390d50831f9cbe4aab1147ff217d/selfhost/src/compiler.json
Phase8 upstream2.0.32,bc322d9eb742cad0e42bdc2e923335fd2149c121,2026-09-28,b2111cf43244e65f76ddc278ee695e669f720cbf,14977,12779,489150,1470,790,62,59,https://github.com/rom1504/bend/blob/bc322d9eb742cad0e42bdc2e923335fd2149c121/selfhost/src/compiler.json
Phase9 compact literals,f21e9f0a7bf098b48405fc300d8a676be28adae9,2026-09-28,b2111cf43244e65f76ddc278ee695e669f720cbf,15050,12843,493257,1478,792,63,59,https://github.com/rom1504/bend/blob/f21e9f0a7bf098b48405fc300d8a676be28adae9/selfhost/src/compiler.json
Phase10,5f561c45e2e86c1e35e0ede8c73ab4342ae50e61,2026-09-28,b2111cf43244e65f76ddc278ee695e669f720cbf,15107,12895,494969,1483,792,63,59,https://github.com/rom1504/bend/blob/5f561c45e2e86c1e35e0ede8c73ab4342ae50e61/selfhost/src/compiler.json
Phase11,1101206b62532ffce0e85b7f451d1c6d5fd6b0ac,2026-09-28,b2111cf43244e65f76ddc278ee695e669f720cbf,15138,12923,496487,1485,793,63,59,https://github.com/rom1504/bend/blob/1101206b62532ffce0e85b7f451d1c6d5fd6b0ac/selfhost/src/compiler.json
Phase12,9a4e1098043ef32a080a41440aa84728078d0d7b,2026-09-28,b2111cf43244e65f76ddc278ee695e669f720cbf,15130,12916,496386,1484,793,63,59,https://github.com/rom1504/bend/blob/9a4e1098043ef32a080a41440aa84728078d0d7b/selfhost/src/compiler.json
Phase13 rejected experiments,d0d587800eb266aee38d0044f6f39b4fe8cbec1b,2026-09-28,b2111cf43244e65f76ddc278ee695e669f720cbf,15130,12916,496386,1484,793,63,59,https://github.com/rom1504/bend/blob/d0d587800eb266aee38d0044f6f39b4fe8cbec1b/selfhost/src/compiler.json
Phase14,abb200fedffbef08a119535ca907cdcca071b146,2026-09-28,b2111cf43244e65f76ddc278ee695e669f720cbf,15264,13038,501056,1495,793,63,59,https://github.com/rom1504/bend/blob/abb200fedffbef08a119535ca907cdcca071b146/selfhost/src/compiler.json
Phase15,a383163b821e38510967849fdb791ff914031b62,2026-09-29,b2111cf43244e65f76ddc278ee695e669f720cbf,15288,13059,503048,1499,790,63,59,https://github.com/rom1504/bend/blob/a383163b821e38510967849fdb791ff914031b62/selfhost/src/compiler.json
Phase16 compact release,0b51d965e2638048b5526b351047daae0c61ed7c,2026-09-29,b2111cf43244e65f76ddc278ee695e669f720cbf,16345,13947,581177,1656,775,66,59,https://github.com/rom1504/bend/blob/0b51d965e2638048b5526b351047daae0c61ed7c/selfhost/src/compiler.json
Phase17,fddfc84b3f48aecc77c2424ddc8227cd7f63251f,2026-09-29,b2111cf43244e65f76ddc278ee695e669f720cbf,16353,13954,581322,1657,775,66,59,https://github.com/rom1504/bend/blob/fddfc84b3f48aecc77c2424ddc8227cd7f63251f/selfhost/src/compiler.json
Phase18,041dd3823f4e75e976694bf6cc4da3e7237b5fc9,2026-09-29,b2111cf43244e65f76ddc278ee695e669f720cbf,16353,13954,581322,1657,775,66,59,https://github.com/rom1504/bend/blob/041dd3823f4e75e976694bf6cc4da3e7237b5fc9/selfhost/src/compiler.json
Phase19 shared live checker,fd9e8b28c906dff13471fab9afc6975fd5574edd,2026-09-29,b2111cf43244e65f76ddc278ee695e669f720cbf,15880,13527,575893,1659,719,67,59,https://github.com/rom1504/bend/blob/fd9e8b28c906dff13471fab9afc6975fd5574edd/selfhost/src/compiler.json
Phase20 declaration grammar,c385d3913e9f10c6c4d9c5cfef3f34bc0682d351,2026-09-29,b2111cf43244e65f76ddc278ee695e669f720cbf,15897,13543,577003,1660,719,67,59,https://github.com/rom1504/bend/blob/c385d3913e9f10c6c4d9c5cfef3f34bc0682d351/selfhost/src/compiler.json
Phase21 source origins,df94915c7369a1bed0aa943d8267b4e178401c8e,2026-09-29,b2111cf43244e65f76ddc278ee695e669f720cbf,15900,13546,577159,1660,719,67,59,https://github.com/rom1504/bend/blob/df94915c7369a1bed0aa943d8267b4e178401c8e/selfhost/src/compiler.json
Phase22 contextual frontend,1e640798c7b74c32a1d3f3335727d7be918795b9,2026-09-29,b2111cf43244e65f76ddc278ee695e669f720cbf,15600,13305,580464,1691,638,68,60,https://github.com/rom1504/bend/blob/1e640798c7b74c32a1d3f3335727d7be918795b9/selfhost/src/compiler.json
Phase23 upstream2.0.34,8eb2cc01145041ce7c0dce199daaf7087038e962,2026-09-29,018751270e800bc222a93dad7f257083ee53a5f7,15748,13442,586637,1700,640,68,60,https://github.com/rom1504/bend/blob/8eb2cc01145041ce7c0dce199daaf7087038e962/selfhost/src/compiler.json
Phase24,5350b2fec8f6f8484c7a689e915b359d7ce86847,2026-09-29,018751270e800bc222a93dad7f257083ee53a5f7,15776,13467,588084,1703,640,68,60,https://github.com/rom1504/bend/blob/5350b2fec8f6f8484c7a689e915b359d7ce86847/selfhost/src/compiler.json
