phase,commit,date,upstream,total,exact,different,source,notes
3,0683552638431e26701a74abb603bbe98dddc604,2026-09-22T06:54:49+00:00,6018e28ecc67cf1fffc0c20c64b11023474c2df8,2756,2196,560,https://github.com/rom1504/bend/blob/5350b2fec8f6f8484c7a689e915b359d7ce86847/implementation/phase3/frontend-final.md#L1,"Phase2/3 baseline: all1,378 final check acceptance/refusal statuses already agree. Remaining560 differences comprise20 parse acceptance,30 phase, and510 diagnostic/report differences."
5,7babeb068f924930af020e6aeddc12c0a38f63fb,2026-09-23T00:47:07+00:00,6018e28ecc67cf1fffc0c20c64b11023474c2df8,2756,2312,444,https://github.com/rom1504/bend/blob/5350b2fec8f6f8484c7a689e915b359d7ce86847/implementation/phase5/final-conformance.md#L1,"116 new exact matches, zero lost. Grammar, error-origin and frontend repairs. All919 positive fixtures and final check statuses preserved."
7,22f6e8e21be5390d50831f9cbe4aab1147ff217d,2026-09-26T21:32:52+00:00,6018e28ecc67cf1fffc0c20c64b11023474c2df8,2756,2312,444,https://github.com/rom1504/bend/blob/5350b2fec8f6f8484c7a689e915b359d7ce86847/implementation/phase7/s4-report.md#L182,"Simplification preserves every prior frontend result. No conformance gain is attributed to dead-code, replay, or loader cleanup."
8,bc322d9eb742cad0e42bdc2e923335fd2149c121,2026-09-28T02:24:08+00:00,b2111cf43244e65f76ddc278ee695e669f720cbf,2996,2262,734,https://github.com/rom1504/bend/blob/5350b2fec8f6f8484c7a689e915b359d7ce86847/implementation/phase8/frontend-conformance.md#L1,"New target:1,498 fixtures;121 added paths,1 removed,510 shared files changed.997/1,001 positive accepts;481/482 validation refusals, one unresolved timeout; zero observed extra validation acceptances."
9,f21e9f0a7bf098b48405fc300d8a676be28adae9,2026-09-28T06:38:54+00:00,b2111cf43244e65f76ddc278ee695e669f720cbf,2996,2265,731,https://github.com/rom1504/bend/blob/5350b2fec8f6f8484c7a689e915b359d7ce86847/implementation/phase9/checker_speed.md#L170,"Compact Nat and descent repair:1,000/1,001 positive accepts and482/482 negative refusals, no timeouts. Long-string stack overflow remains."
11,1101206b62532ffce0e85b7f451d1c6d5fd6b0ac,2026-09-28T09:05:07+00:00,b2111cf43244e65f76ddc278ee695e669f720cbf,2996,2266,730,https://github.com/rom1504/bend/blob/5350b2fec8f6f8484c7a689e915b359d7ce86847/implementation/phase11/known_work.md#L123,"Guarded call/closure improvement removes the final positive long-string stack overflow:1,001/1,001 positive accepts,482/482 validation refusals."
12,9a4e1098043ef32a080a41440aa84728078d0d7b,2026-09-28T16:35:33+00:00,b2111cf43244e65f76ddc278ee695e669f720cbf,2996,2266,730,https://github.com/rom1504/bend/blob/5350b2fec8f6f8484c7a689e915b359d7ce86847/implementation/phase12/avoidable_work.md#L123,Performance release preserves the exact frontend vector.
14,abb200fedffbef08a119535ca907cdcca071b146,2026-09-28T22:49:30+00:00,b2111cf43244e65f76ddc278ee695e669f720cbf,2996,2393,603,https://github.com/rom1504/bend/blob/5350b2fec8f6f8484c7a689e915b359d7ce86847/implementation/phase14/conformance_and_dispatch.md#L89,"127 new exact matches, zero lost:8 imported-law parse/check rows,71 checker carets,48 unsafe-name ordering/report rows. All11 intended trust refusals now exact."
15,a383163b821e38510967849fdb791ff914031b62,2026-09-29T00:41:15+00:00,b2111cf43244e65f76ddc278ee695e669f720cbf,2996,2537,459,https://github.com/rom1504/bend/blob/5350b2fec8f6f8484c7a689e915b359d7ce86847/implementation/phase15/exact-differences.md#L1,"144 new exact matches, zero lost:132 parser carets,10 missing-import context,2 malformed binder plus caret fixes. All primitive outcome axes agree; remaining gaps include exact diagnostics."
16,0b51d965e2638048b5526b351047daae0c61ed7c,2026-09-29T07:09:22+00:00,b2111cf43244e65f76ddc278ee695e669f720cbf,2996,2994,2,https://github.com/rom1504/bend/blob/5350b2fec8f6f8484c7a689e915b359d7ce86847/implementation/phase16/consolidation.md#L102,"457 new exact matches, zero lost. Authoritative source origins, parser/checker checkpoint semantics and compact literals. Remaining2 rows are monad_do_destructure parse/check; broader semantic gaps remain."
22,1e640798c7b74c32a1d3f3335727d7be918795b9,2026-09-29T17:32:19+00:00,b2111cf43244e65f76ddc278ee695e669f720cbf,2996,2996,0,https://github.com/rom1504/bend/blob/5350b2fec8f6f8484c7a689e915b359d7ce86847/implementation/phase22/contextual-conformance.md#L1,"Contextual parsing and staged materialization close final2 main rows and57 broader rows. Main2,996 and broader196 exact. Four raw later-emission oracles still fail at check stage in both compilers."
23,8eb2cc01145041ce7c0dce199daaf7087038e962,2026-09-29T20:08:44+00:00,018751270e800bc222a93dad7f257083ee53a5f7,3026,3026,0,https://github.com/rom1504/bend/blob/5350b2fec8f6f8484c7a689e915b359d7ce86847/implementation/phase23/frontend-validation.md#L1,"New pin adds15 fixtures (+30 parse/check rows), including depth32 conversion regressions. All3,026 main and196 broader exact; graph conversion and backend/Base migration."
24,5350b2fec8f6f8484c7a689e915b359d7ce86847,2026-09-29T22:04:13+00:00,018751270e800bc222a93dad7f257083ee53a5f7,3026,3026,0,https://github.com/rom1504/bend/blob/5350b2fec8f6f8484c7a689e915b359d7ce86847/implementation/phase24/profile-and-coverage.md#L113,Lookup/membership optimization preserves frontend exactness. Backend pilot finds and fixes two semantic categories affecting three rows.
