source,metric,role,sample0,sample1,sample2,median,min,max,relative_range,baseline_over_ts,candidate_over_ts,candidate_over_baseline,max_rss_kib_median,max_rss_kib_max,tree_rss_bytes_max
mandelbrot,importApiAndFirstMs,baseline,1796.8947160000002,1791.317942,1787.899929,1791.317942,1787.899929,1796.8947160000002,0.005021323568030402,2.680812471847392,1.507762785477086,0.5624275481074817,164244,164356,168300544
mandelbrot,importApiAndFirstMs,candidate,1006.009222,1007.9832700000001,1007.4865580000001,1007.4865580000001,1006.009222,1007.9832700000001,0.0019593789955062,2.680812471847392,1.507762785477086,0.5624275481074817,168604,170252,173256704
mandelbrot,importApiAndFirstMs,typescript,670.0580769999999,668.199645,658.212301,668.199645,658.212301,670.0580769999999,0.017727899271781096,2.680812471847392,1.507762785477086,0.5624275481074817,145496,147272,150806528
mandelbrot,firstRequestMs,baseline,1704.8961100000001,1698.590244,1694.7165559999999,1698.590244,1694.7165559999999,1704.8961100000001,0.005992942698192184,4.1831817896879455,2.2122359395657827,0.5288404976850909,164244,164356,168300544
mandelbrot,firstRequestMs,candidate,898.033234,900.041314,898.28331,898.28331,898.033234,900.041314,0.0022354639985463646,4.1831817896879455,2.2122359395657827,0.5288404976850909,168604,170252,173256704
mandelbrot,firstRequestMs,typescript,409.66687299999995,406.05221800000004,398.056659,406.05221800000004,398.056659,409.66687299999995,0.028592908708110855,4.1831817896879455,2.2122359395657827,0.5288404976850909,145496,147272,150806528
editdist,importApiAndFirstMs,baseline,1625.194113,1611.472214,1601.019166,1611.472214,1601.019166,1625.194113,0.015001777126515181,2.555153108698537,1.4972556627474112,0.5859749295062932,166944,167552,171573248
editdist,importApiAndFirstMs,candidate,942.231011,944.2823170000001,945.481415,944.2823170000001,942.231011,945.481415,0.003442195137495096,2.555153108698537,1.4972556627474112,0.5859749295062932,164228,164368,168312832
editdist,importApiAndFirstMs,typescript,632.20531,628.65025,630.6754020000001,630.6754020000001,628.65025,632.20531,0.005636909238454849,2.555153108698537,1.4972556627474112,0.5859749295062932,139208,139800,143155200
editdist,firstRequestMs,baseline,1531.792078,1517.842937,1508.169737,1517.842937,1508.169737,1531.792078,0.015563099728018833,4.08160682210659,2.247162074760762,0.5505581925700921,166944,167552,171573248
editdist,firstRequestMs,candidate,834.842013,835.6608640000002,837.895653,835.6608640000002,834.842013,837.895653,0.003654161791642891,4.08160682210659,2.247162074760762,0.5505581925700921,164228,164368,168312832
editdist,firstRequestMs,typescript,372.52083,371.50606500000004,371.87387300000006,371.87387300000006,371.50606500000004,372.52083,0.002728788101765768,4.08160682210659,2.247162074760762,0.5505581925700921,139208,139800,143155200
tree-bitonic,importApiAndFirstMs,baseline,1534.301619,1531.121269,1530.3358680000001,1531.121269,1530.3358680000001,1534.301619,0.002590095951439595,2.4877994782898134,1.4157049234390224,0.5690590965201986,167744,168364,172404736
tree-bitonic,importApiAndFirstMs,candidate,870.6338340000001,874.9265230000001,871.2984859999999,871.2984859999999,870.6338340000001,874.9265230000001,0.0049267720178271905,2.4877994782898134,1.4157049234390224,0.5690590965201986,158384,159296,163119104
tree-bitonic,importApiAndFirstMs,typescript,610.451139,616.8203570000001,615.4520419999999,615.4520419999999,610.451139,616.8203570000001,0.010348845345126092,2.4877994782898134,1.4157049234390224,0.5690590965201986,131244,131356,134664192
tree-bitonic,firstRequestMs,baseline,1441.836468,1438.4867,1438.301521,1438.4867,1438.301521,1441.836468,0.002457406801188968,4.0659588113179215,2.160168160001009,0.5312813681210956,167744,168364,172404736
tree-bitonic,firstRequestMs,candidate,762.905734,766.443017,764.241182,764.241182,762.905734,766.443017,0.004628490433796071,4.0659588113179215,2.160168160001009,0.5312813681210956,158384,159296,163119104
tree-bitonic,firstRequestMs,typescript,350.225809,355.998291,353.78781899999996,353.78781899999996,350.225809,355.998291,0.01631622596932872,4.0659588113179215,2.160168160001009,0.5312813681210956,131244,131356,134664192
lexer,importApiAndFirstMs,baseline,1615.770989,1650.405109,1623.271478,1623.271478,1615.770989,1650.405109,0.021335999843151276,2.5597648787288145,1.6158167527102127,0.6312363944584751,165996,169004,173060096
lexer,importApiAndFirstMs,candidate,1024.668035,1024.446294,1029.360647,1024.668035,1024.446294,1029.360647,0.00479604401829505,2.5597648787288145,1.6158167527102127,0.6312363944584751,171512,174036,178212864
lexer,importApiAndFirstMs,typescript,634.148664,642.3835389999999,632.494292,634.148664,632.494292,642.3835389999999,0.015594524693345335,2.5597648787288145,1.6158167527102127,0.6312363944584751,139380,140408,145129472
lexer,firstRequestMs,baseline,1523.1024220000002,1557.673904,1531.27712,1531.27712,1523.1024220000002,1557.673904,0.022576894507507453,4.0935874314011444,2.453491843891046,0.5993500529806127,165996,169004,173060096
lexer,firstRequestMs,candidate,917.771023,917.0039760000001,921.480374,917.771023,917.0039760000001,921.480374,0.004877467132670524,4.0935874314011444,2.453491843891046,0.5993500529806127,171512,174036,178212864
lexer,firstRequestMs,typescript,374.067281,380.901611,373.25244299999997,374.067281,373.25244299999997,380.901611,0.02044864223235828,4.0935874314011444,2.453491843891046,0.5993500529806127,139380,140408,145129472
symreg,importApiAndFirstMs,baseline,1593.1555740000001,1595.7250689999998,1602.1815149999998,1595.7250689999998,1593.1555740000001,1602.1815149999998,0.005656325876772729,2.5682449415611774,1.557194564117265,0.606326343300683,163808,171036,175140864
symreg,importApiAndFirstMs,candidate,957.2690010000001,967.530146,1030.606083,967.530146,957.2690010000001,1030.606083,0.07579823977908362,2.5682449415611774,1.557194564117265,0.606326343300683,167556,168680,172728320
symreg,importApiAndFirstMs,typescript,630.275558,621.3290030000001,617.695837,621.3290030000001,617.695837,630.275558,0.020246473187732494,2.5682449415611774,1.557194564117265,0.606326343300683,135204,136200,139468800
symreg,firstRequestMs,baseline,1500.554045,1503.1041839999998,1507.9625369999999,1503.1041839999998,1500.554045,1507.9625369999999,0.004928794742813249,4.186933098120697,2.3916926264059883,0.5712278105134994,163808,171036,175140864
symreg,firstRequestMs,candidate,849.3665660000001,858.614912,923.550004,858.614912,849.3665660000001,923.550004,0.0863989629847004,4.186933098120697,2.3916926264059883,0.5712278105134994,167556,168680,172728320
symreg,firstRequestMs,typescript,368.5730730000001,358.840713,358.998854,358.998854,358.840713,368.5730730000001,0.027109724422686,4.186933098120697,2.3916926264059883,0.5712278105134994,135204,136200,139468800
test-morning-program,importApiAndFirstMs,baseline,2087.7669180000003,1916.6765429999998,1928.562078,1928.562078,1916.6765429999998,2087.7669180000003,0.08871395790247436,2.322810530554786,1.494966797211924,0.6436025571379093,198916,209984,214482944
test-morning-program,importApiAndFirstMs,candidate,1292.19146,1241.227485,1232.4897740000001,1241.227485,1232.4897740000001,1292.19146,0.04809890751009263,2.322810530554786,1.494966797211924,0.6436025571379093,157940,164280,167952384
test-morning-program,importApiAndFirstMs,typescript,840.9725149999999,830.270938,826.0712060000001,830.270938,826.0712060000001,840.9725149999999,0.0179475257027482,2.322810530554786,1.494966797211924,0.6436025571379093,154188,156316,160067584
test-morning-program,firstRequestMs,baseline,1986.89164,1822.9803809999999,1836.034304,1836.034304,1822.9803809999999,1986.89164,0.0892746168428889,3.226123011371072,1.9916720367754985,0.6173577479083963,198916,209984,214482944
test-morning-program,firstRequestMs,candidate,1172.349651,1133.490003,1125.212518,1133.490003,1125.212518,1172.349651,0.04158583920038327,3.226123011371072,1.9916720367754985,0.6173577479083963,157940,164280,167952384
test-morning-program,firstRequestMs,typescript,580.335841,569.114785,561.9329150000001,569.114785,561.9329150000001,580.335841,0.03233605326208467,3.226123011371072,1.9916720367754985,0.6173577479083963,154188,156316,160067584
test-evening-program,importApiAndFirstMs,baseline,2200.6086290000003,2195.6631960000004,2199.722257,2199.722257,2195.6631960000004,2200.6086290000003,0.002248207920005542,2.397393309687894,1.5750206549522883,0.6569721574626955,203004,204228,209129472
test-evening-program,importApiAndFirstMs,candidate,1472.5396150000001,1445.156277,1439.6976670000001,1445.156277,1439.6976670000001,1472.5396150000001,0.02272553392507598,2.397393309687894,1.5750206549522883,0.6569721574626955,159768,161772,165654528
test-evening-program,importApiAndFirstMs,typescript,914.1647919999999,917.5475080000001,920.8710570000001,917.5475080000001,914.1647919999999,920.8710570000001,0.0073089022001901,2.397393309687894,1.5750206549522883,0.6569721574626955,156640,157020,160788480
test-evening-program,firstRequestMs,baseline,2106.188712,2102.517255,2107.76215,2106.188712,2102.517255,2107.76215,0.0024902303246224096,3.2105430738779095,2.033714038325584,0.6334486071445625,203004,204228,209129472
test-evening-program,firstRequestMs,candidate,1364.314581,1334.1623060000002,1332.2159530000001,1334.1623060000002,1332.2159530000001,1364.314581,0.02405901280200009,3.2105430738779095,2.033714038325584,0.6334486071445625,159768,161772,165654528
test-evening-program,firstRequestMs,typescript,645.7368799999999,656.0225680000001,659.090142,656.0225680000001,645.7368799999999,659.090142,0.020354882059484398,3.2105430738779095,2.033714038325584,0.6334486071445625,156640,157020,160788480
test-rle-roundtrip,importApiAndFirstMs,baseline,1497.8798339999998,1498.961221,1501.6960960000001,1498.961221,1497.8798339999998,1501.6960960000001,0.0025459377777994423,2.220692699527586,1.3854492850147484,0.623881586727186,162688,167320,171335680
test-rle-roundtrip,importApiAndFirstMs,candidate,935.174305,935.64639,852.446567,935.174305,852.446567,935.64639,0.08896718243343955,2.220692699527586,1.3854492850147484,0.623881586727186,154540,161184,165052416
test-rle-roundtrip,importApiAndFirstMs,typescript,674.99714,682.550393,615.826473,674.99714,615.826473,682.550393,0.09885067068580472,2.220692699527586,1.3854492850147484,0.623881586727186,130260,135056,138297344
test-rle-roundtrip,firstRequestMs,baseline,1403.927962,1405.3954880000001,1409.1117060000001,1405.3954880000001,1403.927962,1409.1117060000001,0.003688459258807696,3.616075963383725,2.096877227152556,0.5798764319072582,162688,167320,171335680
test-rle-roundtrip,firstRequestMs,candidate,814.955721,818.334729,745.546724,814.955721,745.546724,818.334729,0.08931528808790336,3.616075963383725,2.096877227152556,0.5798764319072582,154540,161184,165052416
test-rle-roundtrip,firstRequestMs,typescript,394.95750000000004,388.652092,350.84836099999995,388.652092,350.84836099999995,394.95750000000004,0.11349260664728414,3.616075963383725,2.096877227152556,0.5798764319072582,130260,135056,138297344
test-map-set-ops,importApiAndFirstMs,baseline,2697.3385599999997,2707.891008,2718.670639,2707.891008,2697.3385599999997,2718.670639,0.007877746532994967,2.9826211257294104,1.8466145430002747,0.619124744698735,217456,219480,224878592
test-map-set-ops,importApiAndFirstMs,candidate,1653.571,1676.5223290000001,1681.7499990000001,1676.5223290000001,1653.571,1681.7499990000001,0.016808006975253476,2.9826211257294104,1.8466145430002747,0.619124744698735,166048,166692,170692608
test-map-set-ops,importApiAndFirstMs,typescript,907.8897029999999,914.017405,903.2496680000002,907.8897029999999,903.2496680000002,914.017405,0.011860181874978153,2.9826211257294104,1.8466145430002747,0.619124744698735,152420,154192,158162944
test-map-set-ops,firstRequestMs,baseline,2604.480897,2613.9911190000003,2625.035139,2613.9911190000003,2604.480897,2625.035139,0.007863164434875097,4.062580057499473,2.4381071813840673,0.6001376334438877,217456,219480,224878592
test-map-set-ops,firstRequestMs,candidate,1544.695475,1568.7544440000001,1574.079557,1568.7544440000001,1544.695475,1574.079557,0.01873083586305368,4.062580057499473,2.4381071813840673,0.6001376334438877,166048,166692,170692608
test-map-set-ops,firstRequestMs,typescript,643.431288,650.462581,635.5112200000001,643.431288,635.5112200000001,650.462581,0.023236919433112655,4.062580057499473,2.4381071813840673,0.6001376334438877,152420,154192,158162944
raytrace,importApiAndFirstMs,baseline,2071.440678,2112.658839,2093.8534290000002,2093.8534290000002,2071.440678,2112.658839,0.019685313417417926,2.61241712608855,1.6737888529770482,0.6407050529036815,205432,207132,212103168
raytrace,importApiAndFirstMs,candidate,1348.012323,1341.542472,1337.626061,1341.542472,1337.626061,1348.012323,0.007742029951922377,2.61241712608855,1.6737888529770482,0.6407050529036815,160356,161400,165003264
raytrace,importApiAndFirstMs,typescript,812.035607,801.5004220000001,788.591009,801.5004220000001,788.591009,812.035607,0.0292508866576742,2.61241712608855,1.6737888529770482,0.6407050529036815,154556,154648,158359552
raytrace,firstRequestMs,baseline,1978.436244,2019.782376,1997.9365850000002,1997.9365850000002,1978.436244,2019.782376,0.020694416584798724,3.6901498083624804,2.2790201151094363,0.6175955539649923,205432,207132,212103168
raytrace,firstRequestMs,candidate,1240.380475,1233.916752,1229.501696,1233.916752,1229.501696,1240.380475,0.00881646106381729,3.6901498083624804,2.2790201151094363,0.6175955539649923,160356,161400,165003264
raytrace,firstRequestMs,typescript,547.913407,541.424248,527.586908,541.424248,527.586908,547.913407,0.0375426462244447,3.6901498083624804,2.2790201151094363,0.6175955539649923,154556,154648,158359552
local-row,importApiAndFirstMs,baseline,1662.901075,1651.4860479999998,1638.8329430000001,1651.4860479999998,1638.8329430000001,1662.901075,0.014573621151172984,2.535672457787168,1.4693756795859196,0.5794816578432276,168588,169204,173264896
local-row,importApiAndFirstMs,candidate,950.058723,957.005873,959.465093,957.005873,950.058723,959.465093,0.009828957444653046,2.535672457787168,1.4693756795859196,0.5794816578432276,167116,168388,172429312
local-row,importApiAndFirstMs,typescript,646.735336,651.301016,652.162408,651.301016,646.735336,652.162408,0.008332663187493119,2.535672457787168,1.4693756795859196,0.5794816578432276,137952,140272,144990208
local-row,firstRequestMs,baseline,1569.167397,1556.2008289999999,1544.863258,1556.2008289999999,1544.863258,1569.167397,0.015617610880992438,4.057468123301639,2.215690883126369,0.5460772126346168,168588,169204,173264896
local-row,firstRequestMs,candidate,842.332582,849.805811,849.86806,849.805811,842.332582,849.86806,0.008867294036425473,4.057468123301639,2.215690883126369,0.5460772126346168,167116,168388,172429312
local-row,firstRequestMs,typescript,383.70611600000007,382.470642,383.53987800000004,383.53987800000004,382.470642,383.70611600000007,0.003221240008842229,4.057468123301639,2.215690883126369,0.5460772126346168,137952,140272,144990208
local-fold,importApiAndFirstMs,baseline,1296.766993,1436.431734,1444.658756,1436.431734,1296.766993,1444.658756,0.1029577386098044,2.2070958752760124,1.0173400488698372,0.4609405781897046,165636,168568,172613632
local-fold,importApiAndFirstMs,candidate,662.1096739999999,660.38359,723.355864,662.1096739999999,660.38359,723.355864,0.0951085242714638,2.2070958752760124,1.0173400488698372,0.4609405781897046,137244,138028,141340672
local-fold,importApiAndFirstMs,typescript,599.2765019999999,650.824348,661.124189,650.824348,599.2765019999999,661.124189,0.09502976830854531,2.2070958752760124,1.0173400488698372,0.4609405781897046,133644,135860,139120640
local-fold,firstRequestMs,baseline,1204.394019,1336.177123,1342.631386,1336.177123,1204.394019,1342.631386,0.10345736700657458,3.6198368368943816,1.5019331294537257,0.41491735598290136,165636,168568,172613632
local-fold,firstRequestMs,candidate,554.4030789999999,550.613282,606.477764,554.4030789999999,550.613282,606.477764,0.10076510054880117,3.6198368368943816,1.5019331294537257,0.41491735598290136,137244,138028,141340672
local-fold,firstRequestMs,typescript,337.246575,369.12633999999997,379.707539,369.12633999999997,337.246575,379.707539,0.11503097828239511,3.6198368368943816,1.5019331294537257,0.41491735598290136,133644,135860,139120640
scalar-region,importApiAndFirstMs,baseline,1508.1591250000001,1605.9948109999998,1451.02653,1508.1591250000001,1451.02653,1605.9948109999998,0.10275326948673251,2.4693807805023336,1.1640891545612781,0.4714093361998522,165804,167268,170926080
scalar-region,importApiAndFirstMs,candidate,708.304654,712.4314519999999,710.960292,710.960292,708.304654,712.4314519999999,0.005804540768923694,2.4693807805023336,1.1640891545612781,0.4714093361998522,142532,143596,147042304
scalar-region,importApiAndFirstMs,typescript,618.216314,610.586987,610.74385,610.74385,610.586987,618.216314,0.012491860540224825,2.4693807805023336,1.1640891545612781,0.4714093361998522,130176,134008,137224192
scalar-region,firstRequestMs,baseline,1405.481712,1500.1993579999998,1358.427838,1405.481712,1358.427838,1500.1993579999998,0.10087041246396508,4.068951275551907,1.741289822400516,0.42794560673728643,165804,167268,170926080
scalar-region,firstRequestMs,candidate,599.906009,602.4420849999999,601.469724,601.469724,599.906009,602.4420849999999,0.004216464933819123,4.068951275551907,1.741289822400516,0.42794560673728643,142532,143596,147042304
scalar-region,firstRequestMs,typescript,341.58317700000003,345.416206,348.583357,345.416206,341.58317700000003,348.583357,0.020265928113401672,4.068951275551907,1.741289822400516,0.42794560673728643,130176,134008,137224192
mandelbrot-grid,importApiAndFirstMs,baseline,1872.636023,1842.711098,1864.744363,1864.744363,1842.711098,1872.636023,0.016047735868661817,2.790355112251878,1.589893945026473,0.5697819385230124,195588,197808,202555392
mandelbrot-grid,importApiAndFirstMs,candidate,1059.441765,1062.497658,1114.983635,1062.497658,1059.441765,1114.983635,0.05227481640246591,2.790355112251878,1.589893945026473,0.5697819385230124,169476,172232,176365568
mandelbrot-grid,importApiAndFirstMs,typescript,671.208185,665.609328,668.2820959999999,668.2820959999999,665.609328,671.208185,0.008377984437278645,2.790355112251878,1.589893945026473,0.5697819385230124,141720,143480,147193856
mandelbrot-grid,firstRequestMs,baseline,1780.0596,1748.790739,1764.701306,1764.701306,1748.790739,1780.0596,0.017719067183599634,4.3613336314205995,2.3579480507643344,0.5406484002454748,195588,197808,202555392
mandelbrot-grid,firstRequestMs,candidate,951.9547709999999,954.082938,1006.855564,954.082938,951.9547709999999,1006.855564,0.05754299842641146,4.3613336314205995,2.3579480507643344,0.5406484002454748,169476,172232,176365568
mandelbrot-grid,firstRequestMs,typescript,404.62423999999993,404.420572,406.76847499999997,404.62423999999993,404.420572,406.76847499999997,0.005802675094304717,4.3613336314205995,2.3579480507643344,0.5406484002454748,141720,143480,147193856
raytrace-active,importApiAndFirstMs,baseline,2198.787608,2177.449161,2112.6577770000004,2177.449161,2112.6577770000004,2198.787608,0.03955538092124473,2.6961883833499014,1.6981979245432315,0.6298513616594148,205444,208308,213307392
raytrace-active,importApiAndFirstMs,candidate,1371.4693190000003,1351.313917,1371.695268,1371.4693190000003,1351.313917,1371.695268,0.014860960225388747,2.6961883833499014,1.6981979245432315,0.6298513616594148,160904,162348,166244352
raytrace-active,importApiAndFirstMs,typescript,807.6027530000001,813.1077540000001,789.7472319999999,807.6027530000001,789.7472319999999,813.1077540000001,0.028925758255804474,2.6961883833499014,1.6981979245432315,0.6298513616594148,151616,153512,157196288
raytrace-active,firstRequestMs,baseline,2097.753053,2084.544234,2020.8016540000003,2084.544234,2020.8016540000003,2097.753053,0.036915215203823584,3.891320486031949,2.3568443160046586,0.6056669771777077,205444,208308,213307392
raytrace-active,firstRequestMs,candidate,1262.5396050000002,1242.707574,1262.6684639999999,1262.5396050000002,1242.707574,1262.6684639999999,0.01581010997274801,3.891320486031949,2.3568443160046586,0.6056669771777077,160904,162348,166244352
raytrace-active,firstRequestMs,typescript,535.6907100000001,548.343959,530.881949,535.6907100000001,530.881949,548.343959,0.03259718653698526,3.891320486031949,2.3568443160046586,0.6056669771777077,151616,153512,157196288
closures,importApiAndFirstMs,baseline,1324.319703,1449.408126,1460.692313,1449.408126,1324.319703,1460.692313,0.09408848174209844,2.2507295632824467,1.1586551819354558,0.5147909374974761,163468,165816,169795584
closures,importApiAndFirstMs,candidate,742.5384009999998,746.142168,747.0864959999999,746.142168,742.5384009999998,747.0864959999999,0.006095480452728016,2.2507295632824467,1.1586551819354558,0.5147909374974761,147544,148244,151531520
closures,importApiAndFirstMs,typescript,650.014692,635.657117,643.972581,643.972581,635.657117,650.014692,0.022295320365511025,2.2507295632824467,1.1586551819354558,0.5147909374974761,131740,131760,134922240
closures,firstRequestMs,baseline,1231.5237359999999,1348.54909,1359.018171,1348.54909,1231.5237359999999,1359.018171,0.0945419309874734,3.7293678849773504,1.740419431895055,0.46667947104543295,163468,165816,169795584
closures,firstRequestMs,candidate,624.8931929999999,629.3401759999999,630.796308,629.3401759999999,624.8931929999999,630.796308,0.009379847696232365,3.7293678849773504,1.740419431895055,0.46667947104543295,147544,148244,151531520
closures,firstRequestMs,typescript,366.446498,356.05642800000004,361.602591,361.602591,356.05642800000004,366.446498,0.028733394778136363,3.7293678849773504,1.740419431895055,0.46667947104543295,131740,131760,134922240
list-pipeline,importApiAndFirstMs,baseline,1880.5211079999997,1879.350769,1880.7850139999998,1880.5211079999997,1879.350769,1880.7850139999998,0.0007626848717084005,2.4002501541861014,1.4746447618590555,0.6143712809630426,202112,202756,207351808
list-pipeline,importApiAndFirstMs,candidate,1150.6437300000002,1158.804596,1155.338162,1155.338162,1150.6437300000002,1158.804596,0.0070636167560435125,2.4002501541861014,1.4746447618590555,0.6143712809630426,156616,158240,162037760
list-pipeline,importApiAndFirstMs,typescript,782.0984129999999,784.510262,783.4688,783.4688,782.0984129999999,784.510262,0.0030784237993907028,2.4002501541861014,1.4746447618590555,0.6143712809630426,155116,156104,159850496
list-pipeline,firstRequestMs,baseline,1777.8121969999997,1785.764189,1787.9341279999999,1785.764189,1777.8121969999997,1787.9341279999999,0.005668122959542746,3.419469408532312,2.005734027887747,0.5865629395259421,202112,202756,207351808
list-pipeline,firstRequestMs,candidate,1042.33029,1050.486828,1047.463092,1047.463092,1042.33029,1050.486828,0.007786945489817751,3.419469408532312,2.005734027887747,0.5865629395259421,156616,158240,162037760
list-pipeline,firstRequestMs,typescript,522.234293,520.8660070000001,522.320417,522.234293,520.8660070000001,522.320417,0.002784976052884254,3.419469408532312,2.005734027887747,0.5865629395259421,155116,156104,159850496
bst,importApiAndFirstMs,baseline,1491.556239,1503.194411,1529.8052450000002,1503.194411,1491.556239,1529.8052450000002,0.025445149157090792,2.43032483394338,1.489025016759393,0.6126855949306746,164392,164564,168513536
bst,importApiAndFirstMs,candidate,947.4049200000002,920.9855620000001,879.5551310000001,920.9855620000001,879.5551310000001,947.4049200000002,0.0736708497934087,2.43032483394338,1.489025016759393,0.6126855949306746,156472,158848,162660352
bst,importApiAndFirstMs,typescript,665.403698,618.515842,614.4141629999999,618.515842,614.4141629999999,665.403698,0.0824385270959641,2.43032483394338,1.489025016759393,0.6126855949306746,133124,133356,136556544
bst,firstRequestMs,baseline,1398.911308,1410.573175,1434.7841010000002,1410.573175,1398.911308,1434.7841010000002,0.025431359135267995,3.980582355091179,2.2292353146283235,0.5600274321110636,164392,164564,168513536
bst,firstRequestMs,candidate,829.1411760000001,789.9596730000001,772.7337180000001,789.9596730000001,772.7337180000001,829.1411760000001,0.07140549059394835,3.980582355091179,2.2292353146283235,0.5600274321110636,156472,158848,162660352
bst,firstRequestMs,typescript,386.807265,353.219463,354.36351999999994,354.36351999999994,353.219463,386.807265,0.09478346416696606,3.980582355091179,2.2292353146283235,0.5600274321110636,133124,133356,136556544
unicode-text,importApiAndFirstMs,baseline,1638.1419880000003,1621.961244,1655.645256,1638.1419880000003,1621.961244,1655.645256,0.020562327470236317,2.4782809499651735,1.5370529057711297,0.6202093050800916,163084,168752,172802048
unicode-text,importApiAndFirstMs,candidate,1015.990904,1034.69281,1014.3051599999999,1015.990904,1014.3051599999999,1034.69281,0.02006676429851199,2.4782809499651735,1.5370529057711297,0.6202093050800916,168036,168572,172617728
unicode-text,importApiAndFirstMs,typescript,660.9993059999999,658.1252259999999,664.911172,660.9993059999999,658.1252259999999,664.911172,0.010266192321841986,2.4782809499651735,1.5370529057711297,0.6202093050800916,136360,136680,139960320
unicode-text,firstRequestMs,baseline,1545.8020110000002,1527.8241890000002,1563.1231890000001,1545.8020110000002,1527.8241890000002,1563.1231890000001,0.02283539531506016,3.9033083426812207,2.2920018397087936,0.5871946662902872,163084,168752,172802048
unicode-text,firstRequestMs,candidate,907.686696,926.466614,905.6155489999999,907.686696,905.6155489999999,926.466614,0.022971654307468416,3.9033083426812207,2.2920018397087936,0.5871946662902872,168036,168572,172617728
unicode-text,firstRequestMs,typescript,396.023546,395.3962379999999,403.46304,396.023546,395.3962379999999,403.46304,0.020369500958915338,3.9033083426812207,2.2920018397087936,0.5871946662902872,136360,136680,139960320
expression,importApiAndFirstMs,baseline,1387.5323970000002,1398.643334,1386.9500319999997,1387.5323970000002,1386.9500319999997,1398.643334,0.008427408271895188,2.3476751963737925,1.218792287463857,0.5191485983011609,166844,169288,173350912
expression,importApiAndFirstMs,candidate,720.335499,731.5190520000001,715.888312,720.335499,715.888312,731.5190520000001,0.021699249893555584,2.3476751963737925,1.218792287463857,0.5191485983011609,141924,143360,147132416
expression,importApiAndFirstMs,typescript,590.744539,591.413176,591.024005,591.024005,590.744539,591.413176,0.0011313195307523756,2.3476751963737925,1.218792287463857,0.5191485983011609,131624,132784,135970816
expression,firstRequestMs,baseline,1293.1251940000002,1305.888222,1294.4098829999998,1294.4098829999998,1293.1251940000002,1305.888222,0.009860113220411693,3.9371987377018676,1.8584030774496922,0.4720114988491633,166844,169288,173350912
expression,firstRequestMs,candidate,610.976349,623.183473,607.858567,610.976349,607.858567,623.183473,0.0250826501305373,3.9371987377018676,1.8584030774496922,0.4720114988491633,141924,143360,147132416
expression,firstRequestMs,typescript,329.50125,328.41655599999996,328.76417200000003,328.76417200000003,328.41655599999996,329.50125,0.0032993072006644018,3.9371987377018676,1.8584030774496922,0.4720114988491633,131624,132784,135970816
map-churn,importApiAndFirstMs,baseline,1946.7204539999998,1949.226666,1939.2133979999999,1946.7204539999998,1939.2133979999999,1949.226666,0.005143659933004512,2.4451852509065612,1.4815238954345264,0.6058943365887088,202724,204776,209690624
map-churn,importApiAndFirstMs,candidate,1200.467759,1178.85925,1179.5068979999999,1179.5068979999999,1178.85925,1200.467759,0.018319951359877434,2.4451852509065612,1.4815238954345264,0.6058943365887088,156220,160796,164655104
map-churn,importApiAndFirstMs,typescript,807.76937,786.5957209999999,796.1443630000001,796.1443630000001,786.5957209999999,807.76937,0.026595238230682626,2.4451852509065612,1.4815238954345264,0.6058943365887088,152216,152748,156413952
map-churn,firstRequestMs,baseline,1853.605402,1848.557233,1846.117026,1848.557233,1846.117026,1853.605402,0.004050930026032911,3.4426958226653803,1.9953134059581656,0.579578768714271,202724,204776,209690624
map-churn,firstRequestMs,candidate,1088.5217969999999,1070.844286,1071.384525,1071.384525,1070.844286,1088.5217969999999,0.01649968856886361,3.4426958226653803,1.9953134059581656,0.579578768714271,156220,160796,164655104
map-churn,firstRequestMs,typescript,544.435033,526.9336989999999,536.950497,536.950497,526.9336989999999,544.435033,0.032593943199199685,3.4426958226653803,1.9953134059581656,0.579578768714271,152216,152748,156413952
numeric-recurrence,importApiAndFirstMs,baseline,1229.691224,1328.1775770000002,1260.185223,1260.185223,1229.691224,1328.1775770000002,0.07815228365044893,2.1388971908900034,0.9948690068804996,0.46513175627040343,165844,167956,171962368
numeric-recurrence,importApiAndFirstMs,candidate,586.152166,585.9761679999999,595.748097,586.152166,585.9761679999999,595.748097,0.016671317734241922,2.1388971908900034,0.9948690068804996,0.46513175627040343,135084,141672,145072128
numeric-recurrence,importApiAndFirstMs,typescript,577.9317259999999,648.730235,589.1752200000001,589.1752200000001,577.9317259999999,648.730235,0.12016545604209232,2.1388971908900034,0.9948690068804996,0.46513175627040343,131188,131580,134737920
numeric-recurrence,firstRequestMs,baseline,1137.405565,1222.982655,1167.7018759999999,1167.7018759999999,1137.405565,1222.982655,0.07328676245100081,3.5991063110062873,1.4745943016643699,0.4097112378022762,165844,167956,171962368
numeric-recurrence,firstRequestMs,candidate,476.746471,478.42058099999997,487.00614800000005,478.42058099999997,476.746471,487.00614800000005,0.021444890557498965,3.5991063110062873,1.4745943016643699,0.4097112378022762,135084,141672,145072128
numeric-recurrence,firstRequestMs,typescript,320.4294489999999,365.86802200000005,324.44217399999997,324.44217399999997,320.4294489999999,365.86802200000005,0.14005137630473447,3.5991063110062873,1.4745943016643699,0.4097112378022762,131188,131580,134737920
record-aggregation,importApiAndFirstMs,baseline,1989.9562660000001,2011.1516190000002,2018.721469,2011.1516190000002,1989.9562660000001,2018.721469,0.014302851524592052,2.551440066806712,1.4868676940594083,0.5827562690587974,201336,205952,210354176
record-aggregation,importApiAndFirstMs,candidate,1159.9246859999998,1180.8092780000002,1172.011214,1172.011214,1159.9246859999998,1180.8092780000002,0.017819447246347198,2.551440066806712,1.4868676940594083,0.5827562690587974,156480,158748,162557952
record-aggregation,importApiAndFirstMs,typescript,788.2417639999999,790.180943,787.6104189999999,788.2417639999999,787.6104189999999,790.180943,0.0032610857701268563,2.551440066806712,1.4868676940594083,0.5827562690587974,152812,154332,158035968
record-aggregation,firstRequestMs,baseline,1897.1320500000002,1918.4099860000001,1925.765007,1918.4099860000001,1897.1320500000002,1925.765007,0.014925358608928657,3.646474679278883,2.022055544712453,0.5545234020690716,201336,205952,210354176
record-aggregation,firstRequestMs,candidate,1052.1080229999998,1073.3524240000002,1063.803232,1063.803232,1052.1080229999998,1073.3524240000002,0.01997023543541968,3.646474679278883,2.022055544712453,0.5545234020690716,156480,158748,162557952
record-aggregation,firstRequestMs,typescript,526.0999059999999,528.284849,523.9207409999999,526.0999059999999,523.9207409999999,528.284849,0.008295207716688133,3.646474679278883,2.022055544712453,0.5545234020690716,152812,154332,158035968
